Workbook

Sheet UNIVERSE
A1: Active | B1: 종목명 | C1: 시장 | D1: 종목코드 | E1: GoogleFinance Ticker | F1: 산업/섹터
A2: TRUE | B2: 삼성전자 | C2: KOSPI | D2: 005930 | E2: KRX:005930 | F2: 전기전자
A3: TRUE | B3: SK하이닉스 | C3: KOSPI | D3: 000660 | E3: KRX:000660 | F3: 전기전자
A4: TRUE | B4: LG에너지솔루션 | C4: KOSPI | D4: 373220 | E4: KRX:373220 | F4: 전기전자
A5: TRUE | B5: 삼성바이오로직스 | C5: KOSPI | D5: 207940 | E5: KRX:207940 | F5: 의약품
A6: TRUE | B6: 현대차 | C6: KOSPI | D6: 005380 | E6: KRX:005380 | F6: 운수장비
A7: TRUE | B7: 기아 | C7: KOSPI | D7: 000270 | E7: KRX:000270 | F7: 운수장비
A8: TRUE | B8: 셀트리온 | C8: KOSPI | D8: 068270 | E8: KRX:068270 | F8: 의약품
A9: TRUE | B9: KB금융 | C9: KOSPI | D9: 105560 | E9: KRX:105560 | F9: 금융업
A10: TRUE | B10: POSCO홀딩스 | C10: KOSPI | D10: 005490 | E10: KRX:005490 | F10: 철강금속
A11: TRUE | B11: NAVER | C11: KOSPI | D11: 035420 | E11: KRX:035420 | F11: 서비스업
A12: TRUE | B12: 신한지주 | C12: KOSPI | D12: 055550 | E12: KRX:055550 | F12: 금융업
A13: TRUE | B13: HD현대중공업 | C13: KOSPI | D13: 329180 | E13: KRX:329180 | F13: 운수장비
... A36: TRUE | B36: 삼천당제약 | C36: KOSDAQ | D36: 000250 | E36: KOSDAQ:000250 | F36: 제약

Sheet LIVE_RADAR
A1: Ticker | B1: 종목명 | C1: Price | D1: MarketCap | E1: ChangePct | F1: Volume | G1: CurrentRank | H1: RankBand | I1: DataQuality
A2: =UNIVERSE!E2 | B2: =UNIVERSE!B2 | C2: =IFERROR(GOOGLEFINANCE(A2, "price"), "DATA_REVIEW") | D2: =IFERROR(GOOGLEFINANCE(A2, "marketcap"), "DATA_REVIEW") | E2: =IFERROR(GOOGLEFINANCE(A2, "changepct"), "DATA_REVIEW") | F2: =IFERROR(GOOGLEFINANCE(A2, "volume"), "DATA_REVIEW") | G2: =IF(ISNUMBER(D2), RANK(D2, D$2:D$36), "UNKNOWN") | H2: =IF(NOT(ISNUMBER(G2)), "UNKNOWN", IF(G2<=9, "TOP_9", IF(G2<=20, "RANK_10_20", IF(G2<=30, "RANK_21_30", IF(G2<=50, "RANK_31_50", "OTHER"))))) | I2: =IF(AND(ISNUMBER(C2), ISNUMBER(D2), D2>0), "VALID", "DATA_REVIEW")
A3: =UNIVERSE!E3 | B3: =UNIVERSE!B3 | C3: =IFERROR(GOOGLEFINANCE(A3, "price"), "DATA_REVIEW") | D3: =IFERROR(GOOGLEFINANCE(A3, "marketcap"), "DATA_REVIEW") | E3: =IFERROR(GOOGLEFINANCE(A3, "changepct"), "DATA_REVIEW") | F3: =IFERROR(GOOGLEFINANCE(A3, "volume"), "DATA_REVIEW") | G3: =IF(ISNUMBER(D3), RANK(D3, D$2:D$36), "UNKNOWN") | H3: =IF(NOT(ISNUMBER(G3)), "UNKNOWN", IF(G3<=9, "TOP_9", IF(G3<=20, "RANK_10_20", IF(G3<=30, "RANK_21_30", IF(G3<=50, "RANK_31_50", "OTHER"))))) | I3: =IF(AND(ISNUMBER(C3), ISNUMBER(D3), D3>0), "VALID", "DATA_REVIEW")
A4: =UNIVERSE!E4 | B4: =UNIVERSE!B4 | C4: =IFERROR(GOOGLEFINANCE(A4, "price"), "DATA_REVIEW") | D4: =IFERROR(GOOGLEFINANCE(A4, "marketcap"), "DATA_REVIEW") | E4: =IFERROR(GOOGLEFINANCE(A4, "changepct"), "DATA_REVIEW") | F4: =IFERROR(GOOGLEFINANCE(A4, "volume"), "DATA_REVIEW") | G4: =IF(ISNUMBER(D4), RANK(D4, D$2:D$36), "UNKNOWN") | H4: =IF(NOT(ISNUMBER(G4)), "UNKNOWN", IF(G4<=9, "TOP_9", IF(G4<=20, "RANK_10_20", IF(G4<=30, "RANK_21_30", IF(G4<=50, "RANK_31_50", "OTHER"))))) | I4: =IF(AND(ISNUMBER(C4), ISNUMBER(D4), D4>0), "VALID", "DATA_REVIEW")
A5: =UNIVERSE!E5 | B5: =UNIVERSE!B5 | C5: =IFERROR(GOOGLEFINANCE(A5, "price"), "DATA_REVIEW") | D5: =IFERROR(GOOGLEFINANCE(A5, "marketcap"), "DATA_REVIEW") | E5: =IFERROR(GOOGLEFINANCE(A5, "changepct"), "DATA_REVIEW") | F5: =IFERROR(GOOGLEFINANCE(A5, "volume"), "DATA_REVIEW") | G5: =IF(ISNUMBER(D5), RANK(D5, D$2:D$36), "UNKNOWN") | H5: =IF(NOT(ISNUMBER(G5)), "UNKNOWN", IF(G5<=9, "TOP_9", IF(G5<=20, "RANK_10_20", IF(G5<=30, "RANK_21_30", IF(G5<=50, "RANK_31_50", "OTHER"))))) | I5: =IF(AND(ISNUMBER(C5), ISNUMBER(D5), D5>0), "VALID", "DATA_REVIEW")
A6: =UNIVERSE!E6 | B6: =UNIVERSE!B6 | C6: =IFERROR(GOOGLEFINANCE(A6, "price"), "DATA_REVIEW") | D6: =IFERROR(GOOGLEFINANCE(A6, "marketcap"), "DATA_REVIEW") | E6: =IFERROR(GOOGLEFINANCE(A6, "changepct"), "DATA_REVIEW") | F6: =IFERROR(GOOGLEFINANCE(A6, "volume"), "DATA_REVIEW") | G6: =IF(ISNUMBER(D6), RANK(D6, D$2:D$36), "UNKNOWN") | H6: =IF(NOT(ISNUMBER(G6)), "UNKNOWN", IF(G6<=9, "TOP_9", IF(G6<=20, "RANK_10_20", IF(G6<=30, "RANK_21_30", IF(G6<=50, "RANK_31_50", "OTHER"))))) | I6: =IF(AND(ISNUMBER(C6), ISNUMBER(D6), D6>0), "VALID", "DATA_REVIEW")
A7: =UNIVERSE!E7 | B7: =UNIVERSE!B7 | C7: =IFERROR(GOOGLEFINANCE(A7, "price"), "DATA_REVIEW") | D7: =IFERROR(GOOGLEFINANCE(A7, "marketcap"), "DATA_REVIEW") | E7: =IFERROR(GOOGLEFINANCE(A7, "changepct"), "DATA_REVIEW") | F7: =IFERROR(GOOGLEFINANCE(A7, "volume"), "DATA_REVIEW") | G7: =IF(ISNUMBER(D7), RANK(D7, D$2:D$36), "UNKNOWN") | H7: =IF(NOT(ISNUMBER(G7)), "UNKNOWN", IF(G7<=9, "TOP_9", IF(G7<=20, "RANK_10_20", IF(G7<=30, "RANK_21_30", IF(G7<=50, "RANK_31_50", "OTHER"))))) | I7: =IF(AND(ISNUMBER(C7), ISNUMBER(D7), D7>0), "VALID", "DATA_REVIEW")
A8: =UNIVERSE!E8 | B8: =UNIVERSE!B8 | C8: =IFERROR(GOOGLEFINANCE(A8, "price"), "DATA_REVIEW") | D8: =IFERROR(GOOGLEFINANCE(A8, "marketcap"), "DATA_REVIEW") | E8: =IFERROR(GOOGLEFINANCE(A8, "changepct"), "DATA_REVIEW") | F8: =IFERROR(GOOGLEFINANCE(A8, "volume"), "DATA_REVIEW") | G8: =IF(ISNUMBER(D8), RANK(D8, D$2:D$36), "UNKNOWN") | H8: =IF(NOT(ISNUMBER(G8)), "UNKNOWN", IF(G8<=9, "TOP_9", IF(G8<=20, "RANK_10_20", IF(G8<=30, "RANK_21_30", IF(G8<=50, "RANK_31_50", "OTHER"))))) | I8: =IF(AND(ISNUMBER(C8), ISNUMBER(D8), D8>0), "VALID", "DATA_REVIEW")
A9: =UNIVERSE!E9 | B9: =UNIVERSE!B9 | C9: =IFERROR(GOOGLEFINANCE(A9, "price"), "DATA_REVIEW") | D9: =IFERROR(GOOGLEFINANCE(A9, "marketcap"), "DATA_REVIEW") | E9: =IFERROR(GOOGLEFINANCE(A9, "changepct"), "DATA_REVIEW") | F9: =IFERROR(GOOGLEFINANCE(A9, "volume"), "DATA_REVIEW") | G9: =IF(ISNUMBER(D9), RANK(D9, D$2:D$36), "UNKNOWN") | H9: =IF(NOT(ISNUMBER(G9)), "UNKNOWN", IF(G9<=9, "TOP_9", IF(G9<=20, "RANK_10_20", IF(G9<=30, "RANK_21_30", IF(G9<=50, "RANK_31_50", "OTHER"))))) | I9: =IF(AND(ISNUMBER(C9), ISNUMBER(D9), D9>0), "VALID", "DATA_REVIEW")
A10: =UNIVERSE!E10 | B10: =UNIVERSE!B10 | C10: =IFERROR(GOOGLEFINANCE(A10, "price"), "DATA_REVIEW") | D10: =IFERROR(GOOGLEFINANCE(A10, "marketcap"), "DATA_REVIEW") | E10: =IFERROR(GOOGLEFINANCE(A10, "changepct"), "DATA_REVIEW") | F10: =IFERROR(GOOGLEFINANCE(A10, "volume"), "DATA_REVIEW") | G10: =IF(ISNUMBER(D10), RANK(D10, D$2:D$36), "UNKNOWN") | H10: =IF(NOT(ISNUMBER(G10)), "UNKNOWN", IF(G10<=9, "TOP_9", IF(G10<=20, "RANK_10_20", IF(G10<=30, "RANK_21_30", IF(G10<=50, "RANK_31_50", "OTHER"))))) | I10: =IF(AND(ISNUMBER(C10), ISNUMBER(D10), D10>0), "VALID", "DATA_REVIEW")
A11: =UNIVERSE!E11 | B11: =UNIVERSE!B11 | C11: =IFERROR(GOOGLEFINANCE(A11, "price"), "DATA_REVIEW") | D11: =IFERROR(GOOGLEFINANCE(A11, "marketcap"), "DATA_REVIEW") | E11: =IFERROR(GOOGLEFINANCE(A11, "changepct"), "DATA_REVIEW") | F11: =IFERROR(GOOGLEFINANCE(A11, "volume"), "DATA_REVIEW") | G11: =IF(ISNUMBER(D11), RANK(D11, D$2:D$36), "UNKNOWN") | H11: =IF(NOT(ISNUMBER(G11)), "UNKNOWN", IF(G11<=9, "TOP_9", IF(G11<=20, "RANK_10_20", IF(G11<=30, "RANK_21_30", IF(G11<=50, "RANK_31_50", "OTHER"))))) | I11: =IF(AND(ISNUMBER(C11), ISNUMBER(D11), D11>0), "VALID", "DATA_REVIEW")
A12: =UNIVERSE!E12 | B12: =UNIVERSE!B12 | C12: =IFERROR(GOOGLEFINANCE(A12, "price"), "DATA_REVIEW") | D12: =IFERROR(GOOGLEFINANCE(A12, "marketcap"), "DATA_REVIEW") | E12: =IFERROR(GOOGLEFINANCE(A12, "changepct"), "DATA_REVIEW") | F12: =IFERROR(GOOGLEFINANCE(A12, "volume"), "DATA_REVIEW") | G12: =IF(ISNUMBER(D12), RANK(D12, D$2:D$36), "UNKNOWN") | H12: =IF(NOT(ISNUMBER(G12)), "UNKNOWN", IF(G12<=9, "TOP_9", IF(G12<=20, "RANK_10_20", IF(G12<=30, "RANK_21_30", IF(G12<=50, "RANK_31_50", "OTHER"))))) | I12: =IF(AND(ISNUMBER(C12), ISNUMBER(D12), D12>0), "VALID", "DATA_REVIEW")
A13: =UNIVERSE!E13 | B13: =UNIVERSE!B13 | C13: =IFERROR(GOOGLEFINANCE(A13, "price"), "DATA_REVIEW") | D13: =IFERROR(GOOGLEFINANCE(A13, "marketcap"), "DATA_REVIEW") | E13: =IFERROR(GOOGLEFINANCE(A13, "changepct"), "DATA_REVIEW") | F13: =IFERROR(GOOGLEFINANCE(A13, "volume"), "DATA_REVIEW") | G13: =IF(ISNUMBER(D13), RANK(D13, D$2:D$36), "UNKNOWN") | H13: =IF(NOT(ISNUMBER(G13)), "UNKNOWN", IF(G13<=9, "TOP_9", IF(G13<=20, "RANK_10_20", IF(G13<=30, "RANK_21_30", IF(G13<=50, "RANK_31_50", "OTHER"))))) | I13: =IF(AND(ISNUMBER(C13), ISNUMBER(D13), D13>0), "VALID", "DATA_REVIEW")
... A36: =UNIVERSE!E36 | B36: =UNIVERSE!B36 | C36: =IFERROR(GOOGLEFINANCE(A36, "price"), "DATA_REVIEW") | D36: =IFERROR(GOOGLEFINANCE(A36, "marketcap"), "DATA_REVIEW") | E36: =IFERROR(GOOGLEFINANCE(A36, "changepct"), "DATA_REVIEW") | F36: =IFERROR(GOOGLEFINANCE(A36, "volume"), "DATA_REVIEW") | G36: =IF(ISNUMBER(D36), RANK(D36, D$2:D$36), "UNKNOWN") | H36: =IF(NOT(ISNUMBER(G36)), "UNKNOWN", IF(G36<=9, "TOP_9", IF(G36<=20, "RANK_10_20", IF(G36<=30, "RANK_21_30", IF(G36<=50, "RANK_31_50", "OTHER"))))) | I36: =IF(AND(ISNUMBER(C36), ISNUMBER(D36), D36>0), "VALID", "DATA_REVIEW")
